Player,Team,Positions,AB,R,HR,RBI,SB,AVG,OBP,SLG,OPS,IP,K,W,SV,ERA,WHIP,ER,G,GS
Max Scherzer,WSH,SP,0,0,0,0,0,0,0,0,0,207.6,269,16,0,2.9,1,67,32,32
Chris Sale,BOS,SP,0,0,0,0,0,0,0,0,0,185,249,15,0,2.61,0.97,54,29,29
Jacob deGrom,NYM,SP,0,0,0,0,0,0,0,0,0,207.8,248,15,0,2.71,1.05,63,32,32
Justin Verlander,HOU,SP,0,0,0,0,0,0,0,0,0,200.8,244,15,0,3.15,1.05,70,32,31
Corey Kluber,CLE,SP,0,0,0,0,0,0,0,0,0,207.1,220,16,0,3.22,1.07,74,32,32
Gerrit Cole,HOU,SP,0,0,0,0,0,0,0,0,0,196.9,238,14,0,3.36,1.14,73,32,32
Aaron Nola,PHI,SP,0,0,0,0,0,0,0,0,0,196.7,211,14,0,3.21,1.13,70,32,32
Blake Snell,TB,SP,0,0,0,0,0,0,0,0,0,182.9,217,14,0,3.17,1.18,64,32,32
Trevor Bauer,CLE,SP,0,0,0,0,0,0,0,0,0,189.4,220,14,0,3.33,1.19,70,31,31
Carlos Carrasco,CLE,SP,0,0,0,0,0,0,0,0,0,192.4,218,15,0,3.32,1.12,71,31,31
Noah Syndergaard,NYM,SP,0,0,0,0,0,0,0,0,0,177.4,184,12,0,3.27,1.16,65,29,29
Luis Severino,NYY,SP,0,0,0,0,0,0,0,0,0,175,199,14,0,3.28,1.12,64,29,29
Walker Buehler,LAD,SP,0,0,0,0,0,0,0,0,0,165.3,184,12,0,3.18,1.13,58,29,29
James Paxton,NYY,SP,0,0,0,0,0,0,0,0,0,166.5,198,13,0,3.45,1.14,64,28,28
Edwin Diaz,NYM,RP,0,0,0,0,0,0,0,0,0,67,103,3,37,2.4,0.96,18,68,0
Patrick Corbin,WSH,SP,0,0,0,0,0,0,0,0,0,185.7,200,13,0,3.44,1.2,71,32,31
Stephen Strasburg,WSH,SP,0,0,0,0,0,0,0,0,0,162.4,185,12,0,3.45,1.17,62,27,27
Zack Greinke,ARI,SP,0,0,0,0,0,0,0,0,0,196.5,188,13,0,3.72,1.17,81,31,31
Clayton Kershaw,LAD,SP,0,0,0,0,0,0,0,0,0,157.1,157,12,0,3,1.06,52,25,25
Jameson Taillon,PIT,SP,0,0,0,0,0,0,0,0,0,186.8,175,12,0,3.68,1.23,76,32,32
Jack Flaherty,STL,SP,0,0,0,0,0,0,0,0,0,169.5,191,12,0,3.49,1.19,66,30,30
Mike Clevinger,CLE,SP,0,0,0,0,0,0,0,0,0,180.5,193,13,0,3.69,1.24,74,30,30
Blake Treinen,OAK,RP,0,0,0,0,0,0,0,0,0,72.8,83,4,33,2.64,1.12,21,69,0
Kenley Jansen,LAD,RP,0,0,0,0,0,0,0,0,0,65.5,81,3,38,2.95,1.01,21,65,0
Aroldis Chapman,NYY,RP,0,0,0,0,0,0,0,0,0,58.4,93,3,35,2.61,1.09,17,60,0
Jose Berrios,MIN,SP,0,0,0,0,0,0,0,0,0,188.3,191,13,0,3.91,1.24,82,32,32
Craig Kimbrel,,RP,0,0,0,0,0,0,0,0,0,62.6,95,4,29,2.74,1.05,19,64,0
David Price,BOS,SP,0,0,0,0,0,0,0,0,0,177.4,176,13,0,3.78,1.21,75,30,30
Roberto Osuna,HOU,RP,0,0,0,0,0,0,0,0,0,61.1,66,3,36,3.12,1.04,21,63,0
Zack Wheeler,NYM,SP,0,0,0,0,0,0,0,0,0,176.9,175,11,0,3.61,1.24,71,29,29
Brad Hand,CLE,RP,0,0,0,0,0,0,0,0,0,69.6,94,4,37,3.08,1.13,24,69,0
Felipe Vazquez,PIT,RP,0,0,0,0,0,0,0,0,0,67.6,84,3,34,2.8,1.16,21,68,0
German Marquez,COL,SP,0,0,0,0,0,0,0,0,0,184.7,200,12,0,3.92,1.27,80,32,32
Miles Mikolas,STL,SP,0,0,0,0,0,0,0,0,0,191.6,150,13,0,3.62,1.19,77,31,31
Madison Bumgarner,SF,SP,0,0,0,0,0,0,0,0,0,179,159,10,0,3.78,1.23,75,29,29
Luis Castillo,CIN,SP,0,0,0,0,0,0,0,0,0,166.5,167,10,0,3.95,1.23,73,30,30
Masahiro Tanaka,NYY,SP,0,0,0,0,0,0,0,0,0,162.5,164,12,0,3.86,1.18,70,28,28
Charlie Morton,TB,SP,0,0,0,0,0,0,0,0,0,157.4,175,11,0,3.43,1.21,60,27,27
Mike Foltynewicz,ATL,SP,0,0,0,0,0,0,0,0,0,181.3,190,12,0,3.76,1.25,76,31,31
Sean Doolittle,WSH,RP,0,0,0,0,0,0,0,0,0,56.8,72,3,30,2.74,0.95,17,57,0
Robbie Ray,ARI,SP,0,0,0,0,0,0,0,0,0,163.4,210,10,0,3.75,1.3,68,30,30
Chris Archer,PIT,SP,0,0,0,0,0,0,0,0,0,179.9,199,11,0,3.8,1.27,76,32,31
Kyle Hendricks,CHC,SP,0,0,0,0,0,0,0,0,0,186.7,157,13,0,3.74,1.2,78,31,31
Yu Darvish,CHC,SP,0,0,0,0,0,0,0,0,0,136.6,155,9,0,3.83,1.24,58,24,24
Kirby Yates,SD,RP,0,0,0,0,0,0,0,0,0,62.1,87,3,29,3.13,1.11,22,65,0
Raisel Iglesias,CIN,RP,0,0,0,0,0,0,0,0,0,69.3,79,3,31,3.38,1.18,26,64,0
Josh Hader,MIL,RP,0,0,0,0,0,0,0,0,0,75.7,123,4,10,2.65,1.04,22,68,0
Corey Knebel,MIL,RP,0,0,0,0,0,0,0,0,0,62.5,95,3,23,2.93,1.15,20,63,0
Jose Leclerc,TEX,RP,0,0,0,0,0,0,0,0,0,62.9,88,3,29,3.15,1.23,22,64,0
Rich Hill,LAD,SP,0,0,0,0,0,0,0,0,0,139.8,153,10,0,3.52,1.16,55,25,25
Nick Pivetta,PHI,SP,0,0,0,0,0,0,0,0,0,158.1,173,10,0,4.08,1.28,72,30,30
Wade Davis,COL,RP,0,0,0,0,0,0,0,0,0,62.1,75,3,34,3.68,1.22,25,63,0
Shane Bieber,CLE,SP,0,0,0,0,0,0,0,0,0,155.5,147,11,0,3.86,1.24,67,27,27
Cole Hamels,CHC,SP,0,0,0,0,0,0,0,0,0,179.5,172,12,0,3.87,1.27,77,30,30
Ken Giles,TOR,RP,0,0,0,0,0,0,0,0,0,62.2,73,3,30,3.69,1.2,25,64,0
J.A. Happ,NYY,SP,0,0,0,0,0,0,0,0,0,165.9,168,12,0,3.85,1.22,71,29,29
Eduardo Rodriguez,BOS,SP,0,0,0,0,0,0,0,0,0,144.7,158,10,0,3.92,1.26,63,27,27
Dallas Keuchel,,SP,0,0,0,0,0,0,0,0,0,177.7,138,12,0,3.64,1.27,72,30,30
Andrew Heaney,LAA,SP,0,0,0,0,0,0,0,0,0,171.9,170,11,0,3.93,1.22,75,29,29
Tyler Glasnow,TB,"SP,RP",0,0,0,0,0,0,0,0,0,135.6,160,8,0,3.96,1.32,60,26,26
Jose Quintana,CHC,SP,0,0,0,0,0,0,0,0,0,177.6,169,12,0,3.91,1.28,77,31,31
David Robertson,PHI,RP,0,0,0,0,0,0,0,0,0,65.7,89,4,23,3.03,1.1,22,65,0
Rick Porcello,BOS,SP,0,0,0,0,0,0,0,0,0,184.2,170,13,0,4.15,1.23,85,31,31
Nathan Eovaldi,BOS,SP,0,0,0,0,0,0,0,0,0,143,130,10,0,3.91,1.23,62,27,27
Cody Allen,LAA,RP,0,0,0,0,0,0,0,0,0,64.6,78,3,30,3.92,1.26,28,66,0
Kenta Maeda,LAD,SP,0,0,0,0,0,0,0,0,0,135,147,10,0,3.68,1.2,55,29,23
Carlos Martinez,STL,SP,0,0,0,0,0,0,0,0,0,143.8,140,9,0,3.54,1.28,57,32,21
Yusei Kikuchi,SEA,SP,0,0,0,0,0,0,0,0,0,152.9,143,9,0,4,1.29,68,26,26
Jon Gray,COL,SP,0,0,0,0,0,0,0,0,0,162.4,166,10,0,4.13,1.31,74,28,28
Andrew Miller,STL,RP,0,0,0,0,0,0,0,0,0,58.5,78,3,15,3.02,1.15,20,58,0
Will Smith,SF,RP,0,0,0,0,0,0,0,0,0,59,76,3,24,2.97,1.14,19,61,0
Tyler Skaggs,LAA,SP,0,0,0,0,0,0,0,0,0,142.5,139,9,0,4,1.31,63,27,27
Jake Arrieta,PHI,SP,0,0,0,0,0,0,0,0,0,172.4,153,11,0,3.99,1.27,76,30,30
Hyun-Jin Ryu,LAD,SP,0,0,0,0,0,0,0,0,0,117.9,116,8,0,3.57,1.2,47,22,22
Jon Lester,CHC,SP,0,0,0,0,0,0,0,0,0,180.3,159,12,0,4.06,1.32,81,31,31
Joey Lucchesi,SD,SP,0,0,0,0,0,0,0,0,0,158.1,161,10,0,3.91,1.27,69,29,29
Ross Stripling,LAD,"SP,RP",0,0,0,0,0,0,0,0,0,114.1,117,8,0,3.49,1.18,44,36,16
Archie Bradley,ARI,RP,0,0,0,0,0,0,0,0,0,66,72,3,21,3.53,1.24,26,70,0
Kyle Freeland,COL,SP,0,0,0,0,0,0,0,0,0,188,153,12,0,4.18,1.38,87,32,32
Alex Wood,CIN,SP,0,0,0,0,0,0,0,0,0,150.3,138,9,0,3.85,1.26,64,26,26
Jose Alvarado,TB,RP,0,0,0,0,0,0,0,0,0,60,74,3,27,2.94,1.24,20,66,0
Kevin Gausman,ATL,SP,0,0,0,0,0,0,0,0,0,176.6,156,11,0,4.15,1.31,81,30,30
Dellin Betances,NYY,RP,0,0,0,0,0,0,0,0,0,65,104,4,3,2.7,1.11,19,67,0
Arodys Vizcaino,ATL,RP,0,0,0,0,0,0,0,0,0,59.2,65,3,26,3.52,1.25,23,60,0
Alex Reyes,STL,SP,0,0,0,0,0,0,0,0,0,86.6,92,6,0,3.82,1.32,37,18,17
Jordan Hicks,STL,RP,0,0,0,0,0,0,0,0,0,66.9,64,3,20,3.67,1.4,27,66,0
Joe Musgrove,PIT,SP,0,0,0,0,0,0,0,0,0,152.4,132,10,0,4,1.26,68,28,27
Mychal Givens,BAL,RP,0,0,0,0,0,0,0,0,0,68.1,75,3,24,3.67,1.23,28,66,0
Zack Godley,ARI,SP,0,0,0,0,0,0,0,0,0,173,172,11,0,4.09,1.37,79,31,31
Sean Newcomb,ATL,SP,0,0,0,0,0,0,0,0,0,163.2,164,11,0,4.07,1.38,74,30,30
Brandon Morrow,CHC,RP,0,0,0,0,0,0,0,0,0,44.7,46,2,22,3.25,1.21,16,46,0
Steven Matz,NYM,SP,0,0,0,0,0,0,0,0,0,152.7,144,8,0,3.95,1.28,67,28,28
Josh James,HOU,SP,0,0,0,0,0,0,0,0,0,104.5,120,7,0,3.93,1.3,46,26,20
Alex Colome,CWS,RP,0,0,0,0,0,0,0,0,0,62.8,64,3,13,3.5,1.23,24,62,0
Jimmy Nelson,MIL,SP,0,0,0,0,0,0,0,0,0,126.5,124,8,0,3.95,1.31,56,21,21
A.J. Minter,ATL,RP,0,0,0,0,0,0,0,0,0,59.1,69,3,9,3.35,1.24,22,64,0
Collin McHugh,HOU,"RP,SP",0,0,0,0,0,0,0,0,0,142.7,149,11,0,3.85,1.25,61,29,24
Luke Weaver,ARI,SP,0,0,0,0,0,0,0,0,0,140.8,134,8,0,4.31,1.37,67,26,25
Seranthony Dominguez,PHI,"SP,RP",0,0,0,0,0,0,0,0,0,66.3,84,4,11,3.18,1.15,23,64,0
Shohei Ohtani,LAA,"SP,DH",0,0,0,0,0,0,0,0,0,26.1,31,2,0,5.69,1.74,17,8,8
Pedro Strop,CHC,RP,0,0,0,0,0,0,0,0,0,59.9,62,3,11,3.22,1.2,21,64,0
Trevor May,MIN,"SP,RP",0,0,0,0,0,0,0,0,0,59.6,73,3,15,3.85,1.25,26,59,0
Carlos Rodon,CWS,SP,0,0,0,0,0,0,0,0,0,158.6,143,9,0,4.32,1.36,76,27,27
Shane Greene,DET,RP,0,0,0,0,0,0,0,0,0,65,67,3,27,4.26,1.34,31,64,0
Jesus Luzardo,OAK,SP,0,0,0,0,0,0,0,0,0,115.4,107,8,0,3.9,1.29,50,20,20
Drew Steckenrider,MIA,RP,0,0,0,0,0,0,0,0,0,63.6,77,3,19,3.55,1.29,25,67,0
Kelvin Herrera,CWS,RP,0,0,0,0,0,0,0,0,0,58.4,57,3,14,3.77,1.24,24,61,0
Michael Fulmer,DET,SP,0,0,0,0,0,0,0,0,0,167.5,140,9,0,4.22,1.29,79,29,29
Sonny Gray,CIN,SP,0,0,0,0,0,0,0,0,0,147.2,139,9,0,4.15,1.37,68,28,28
Kyle Gibson,MIN,SP,0,0,0,0,0,0,0,0,0,186.5,162,11,0,4.21,1.39,87,31,31
Marco Gonzales,SEA,SP,0,0,0,0,0,0,0,0,0,166.9,142,10,0,3.95,1.28,73,30,30
Dylan Bundy,BAL,SP,0,0,0,0,0,0,0,0,0,175.3,175,9,0,4.69,1.32,91,31,31
Mike Soroka,ATL,SP,0,0,0,0,0,0,0,0,0,65.9,55,4,0,3.96,1.32,29,13,12
Matt Barnes,BOS,RP,0,0,0,0,0,0,0,0,0,63.1,86,4,13,3.45,1.27,24,64,0
Adam Ottavino,NYY,RP,0,0,0,0,0,0,0,0,0,65.2,89,4,3,3.41,1.22,25,66,0
Marcus Stroman,TOR,SP,0,0,0,0,0,0,0,0,0,166.1,130,10,0,4.09,1.36,76,28,28
Jeremy Jeffress,MIL,RP,0,0,0,0,0,0,0,0,0,62.7,67,4,6,3.22,1.27,22,64,0
Michael Wacha,STL,SP,0,0,0,0,0,0,0,0,0,133.2,117,9,0,4.11,1.35,61,24,24
Julio Urias,LAD,SP,0,0,0,0,0,0,0,0,0,74,73,5,0,3.73,1.31,31,19,12
Julio Teheran,ATL,SP,0,0,0,0,0,0,0,0,0,171.6,152,9,0,4.43,1.32,84,29,29
Matthew Boyd,DET,SP,0,0,0,0,0,0,0,0,0,168.2,153,9,0,4.46,1.3,83,30,30
Freddy Peralta,MIL,SP,0,0,0,0,0,0,0,0,0,83,100,6,0,3.98,1.28,37,18,17
Forrest Whitley,HOU,SP,0,0,0,0,0,0,0,0,0,63.3,67,4,0,4.03,1.28,28,13,12
Jeurys Familia,NYM,RP,0,0,0,0,0,0,0,0,0,63.6,71,4,4,3.25,1.24,23,65,0
Chase Anderson,MIL,SP,0,0,0,0,0,0,0,0,0,151.8,130,9,0,4.35,1.29,73,27,27
Reynaldo Lopez,CWS,SP,0,0,0,0,0,0,0,0,0,169.5,143,8,0,4.58,1.37,86,30,30
Blake Parker,MIN,RP,0,0,0,0,0,0,0,0,0,61.5,66,3,14,3.86,1.22,26,63,0
Danny Duffy,KC,SP,0,0,0,0,0,0,0,0,0,166.5,151,9,0,4.21,1.34,78,29,29
Vince Velasquez,PHI,SP,0,0,0,0,0,0,0,0,0,137.3,147,8,0,4.21,1.33,64,26,26
Anibal Sanchez,WSH,SP,0,0,0,0,0,0,0,0,0,140,135,8,0,4.23,1.29,66,26,25
Brad Peacock,HOU,"RP,SP",0,0,0,0,0,0,0,0,0,93.2,114,6,1,3.68,1.25,38,46,10
Chris Paddack,SD,SP,0,0,0,0,0,0,0,0,0,91.9,91,6,0,3.67,1.21,37,18,17
Jhoulys Chacin,MIL,SP,0,0,0,0,0,0,0,0,0,181.9,151,11,0,4.15,1.32,84,32,32
Michael Pineda,MIN,SP,0,0,0,0,0,0,0,0,0,123.5,120,8,0,4.22,1.3,58,21,21
Mike Minor,TEX,SP,0,0,0,0,0,0,0,0,0,163,146,10,0,4.31,1.24,78,28,28
Dereck Rodriguez,SF,SP,0,0,0,0,0,0,0,0,0,147.8,114,8,0,4.11,1.31,67,27,27
Tanner Roark,CIN,SP,0,0,0,0,0,0,0,0,0,163.2,141,10,0,4.35,1.31,79,27,27
Matt Strahm,SD,"SP,RP",0,0,0,0,0,0,0,0,0,89.3,101,5,1,3.68,1.27,37,54,8
Hunter Strickland,SEA,RP,0,0,0,0,0,0,0,0,0,51.5,47,3,19,4.05,1.38,23,51,0
Jake Junis,KC,SP,0,0,0,0,0,0,0,0,0,177.4,159,10,0,4.36,1.28,86,31,31
Brad Boxberger,KC,RP,0,0,0,0,0,0,0,0,0,55.1,68,3,22,4.37,1.41,27,58,0
Zack Britton,NYY,RP,0,0,0,0,0,0,0,0,0,56.7,52,3,3,3.09,1.29,19,59,0
Jeff Samardzija,SF,SP,0,0,0,0,0,0,0,0,0,142.9,118,7,0,4.32,1.3,69,24,24
Derek Holland,SF,SP,0,0,0,0,0,0,0,0,0,143.5,128,7,0,4.36,1.41,70,28,27
Chad Green,NYY,RP,0,0,0,0,0,0,0,0,0,69.1,88,4,1,3.04,1.09,23,61,0
Brandon Woodruff,MIL,"SP,RP",0,0,0,0,0,0,0,0,0,115.1,108,7,0,4.28,1.35,55,25,23
Ryan Brasier,BOS,RP,0,0,0,0,0,0,0,0,0,59.9,56,3,18,3.52,1.18,23,63,0
Trevor Williams,PIT,SP,0,0,0,0,0,0,0,0,0,155.1,117,10,0,4.16,1.34,72,28,28
Mark Melancon,SF,RP,0,0,0,0,0,0,0,0,0,54.1,46,2,7,3.5,1.33,21,55,0
Joe Jimenez,DET,RP,0,0,0,0,0,0,0,0,0,61.4,73,3,4,3.94,1.26,27,67,0
Jake Odorizzi,MIN,SP,0,0,0,0,0,0,0,0,0,159.7,149,9,0,4.53,1.35,80,30,30
Trevor Richards,MIA,SP,0,0,0,0,0,0,0,0,0,132.6,127,7,0,4.06,1.33,60,25,25
Anthony Swarzak,SEA,RP,0,0,0,0,0,0,0,0,0,56.3,62,2,11,4.02,1.29,25,57,0
Corbin Burnes,MIL,RP,0,0,0,0,0,0,0,0,0,95.7,88,6,0,4.38,1.36,47,25,17
Caleb Smith,MIA,SP,0,0,0,0,0,0,0,0,0,110.7,116,6,0,4.18,1.34,51,25,20
Touki Toussaint,ATL,SP,0,0,0,0,0,0,0,0,0,114,112,7,0,4.12,1.37,52,21,20
Johnny Cueto,SF,SP,0,0,0,0,0,0,0,0,0,46,38,2,0,5.87,1.75,30,22,22
Tyler Anderson,COL,SP,0,0,0,0,0,0,0,0,0,158,146,9,0,4.45,1.34,78,29,29
Zach Eflin,PHI,"SP,RP",0,0,0,0,0,0,0,0,0,140.7,125,9,0,4.43,1.31,69,27,27
Trevor Cahill,LAA,SP,0,0,0,0,0,0,0,0,0,118.2,109,7,0,4.21,1.38,55,22,21
Seth Lugo,NYM,"SP,RP",0,0,0,0,0,0,0,0,0,82.1,80,4,1,3.6,1.19,33,55,2
Mike Fiers,OAK,SP,0,0,0,0,0,0,0,0,0,157,132,9,0,4.42,1.29,77,28,27
Gio Gonzalez,,SP,0,0,0,0,0,0,0,0,0,112.6,99,7,0,4.18,1.37,52,23,22
Ryan Pressly,HOU,RP,0,0,0,0,0,0,0,0,0,64.9,82,3,2,3.2,1.16,23,68,0
Lucas Giolito,CWS,SP,0,0,0,0,0,0,0,0,0,152,117,8,0,5.11,1.46,86,27,27
Keone Kela,PIT,RP,0,0,0,0,0,0,0,0,0,57.6,74,3,3,3.19,1.15,20,60,0
Greg Holland,ARI,RP,0,0,0,0,0,0,0,0,0,52.4,56,2,9,4.27,1.47,25,58,0
Brad Keller,KC,"SP,RP",0,0,0,0,0,0,0,0,0,157.7,113,9,0,4.06,1.39,71,31,27
Dinelson Lamet,SD,SP,0,0,0,0,0,0,0,0,0,59.7,68,4,0,3.96,1.29,26,14,11
CC Sabathia,NYY,SP,0,0,0,0,0,0,0,0,0,134.9,117,9,0,4.13,1.32,62,24,24
Merrill Kelly,ARI,SP,0,0,0,0,0,0,0,0,0,116,103,7,0,4.79,1.51,62,32,19
Anthony DeSclafani,CIN,SP,0,0,0,0,0,0,0,0,0,139.7,129,8,0,4.57,1.31,71,26,26
Danny Salazar,CLE,SP,0,0,0,0,0,0,0,0,0,61.6,74,4,0,3.67,1.26,25,31,7
Hector Neris,PHI,RP,0,0,0,0,0,0,0,0,0,54.3,75,3,1,3.76,1.23,23,54,0
Nick Kingham,PIT,SP,0,0,0,0,0,0,0,0,0,94.8,79,5,0,4.73,1.35,50,32,15
Jose Urena,MIA,SP,0,0,0,0,0,0,0,0,0,164.9,124,9,0,4.26,1.33,78,29,29
Aaron Sanchez,TOR,SP,0,0,0,0,0,0,0,0,0,129.1,105,7,0,4.52,1.47,65,24,24
Mike Leake,SEA,SP,0,0,0,0,0,0,0,0,0,181.6,120,10,0,4.34,1.32,88,31,31
Diego Castillo,TB,RP,0,0,0,0,0,0,0,0,0,60.9,71,3,2,3.26,1.12,22,55,4
Ty Buttrey,LAA,RP,0,0,0,0,0,0,0,0,0,59.8,66,3,5,3.73,1.32,25,59,0
Ryan Yarbrough,TB,"SP,RP",0,0,0,0,0,0,0,0,0,132.9,113,8,0,4.22,1.32,62,32,14
Drew Pomeranz,SF,SP,0,0,0,0,0,0,0,0,0,102.9,93,6,0,4.3,1.43,49,23,16
Yoshihisa Hirano,ARI,RP,0,0,0,0,0,0,0,0,0,60,55,3,4,3.66,1.26,24,63,0
Brent Honeywell,TB,SP,0,0,0,0,0,0,0,0,0,71.2,69,5,0,3.97,1.28,31,14,11
Wily Peralta,KC,RP,0,0,0,0,0,0,0,0,0,60.6,56,2,10,4.74,1.52,32,54,2
Lance Lynn,TEX,SP,0,0,0,0,0,0,0,0,0,150.2,138,9,0,4.45,1.43,74,27,27
Domingo German,NYY,"SP,RP",0,0,0,0,0,0,0,0,0,57.9,64,3,0,4.4,1.31,28,17,9
Sandy Alcantara,MIA,SP,0,0,0,0,0,0,0,0,0,91.4,74,4,0,4.57,1.46,46,18,17
Luiz Gohara,ATL,"RP, SP",0,0,0,0,0,0,0,0,0,31.3,31,2,0,4.29,1.33,15,7,6
Alex Cobb,BAL,SP,0,0,0,0,0,0,0,0,0,164.7,115,8,0,4.64,1.38,85,29,29
Yonny Chirinos,TB,"SP,RP",0,0,0,0,0,0,0,0,0,103.1,85,6,0,4.08,1.29,47,29,14
Jake Faria,TB,SP,0,0,0,0,0,0,0,0,0,55.9,50,3,0,4.6,1.4,29,13,12
Chris Devenski,HOU,RP,0,0,0,0,0,0,0,0,0,58.5,66,4,1,3.55,1.11,23,54,0
Framber Valdez,HOU,SP,0,0,0,0,0,0,0,0,0,64,60,4,0,4.24,1.4,30,17,10
Taijuan Walker,ARI,SP,0,0,0,0,0,0,0,0,0,60.4,54,3,0,4.26,1.33,29,13,13
Clay Buchholz,TOR,SP,0,0,0,0,0,0,0,0,0,110.9,88,7,0,4.02,1.29,50,18,18
Jordan Montgomery,NYY,SP,0,0,0,0,0,0,0,0,0,33.6,30,2,0,4.95,1.49,19,7,7
Pablo Lopez,MIA,"SP,RP",0,0,0,0,0,0,0,0,0,62.5,49,3,0,4,1.27,28,11,11
Matt Harvey,LAA,SP,0,0,0,0,0,0,0,0,0,146.6,117,8,0,4.64,1.35,76,28,27
Andrew Suarez,SF,SP,0,0,0,0,0,0,0,0,0,115.6,92,6,0,4.14,1.3,53,23,22
Sergio Romo,MIA,"SP,RP",0,0,0,0,0,0,0,0,0,60,65,3,8,3.9,1.22,26,63,0
Wade LeBlanc,SEA,"SP,RP",0,0,0,0,0,0,0,0,0,142.6,113,8,0,4.36,1.27,69,25,25
Trevor Rosenthal,WSH,RP,0,0,0,0,0,0,0,0,0,54.1,76,4,5,3.25,1.29,20,56,0
Justus Sheffield,SEA,"SP,RP",0,0,0,0,0,0,0,0,0,89.3,78,5,0,4.46,1.44,44,20,18
Wei-Yin Chen,MIA,SP,0,0,0,0,0,0,0,0,0,136.4,113,7,0,4.34,1.33,66,26,26
Sean Manaea,OAK,SP,0,0,0,0,0,0,0,0,0,36.4,27,2,0,4.12,1.27,17,8,7
Taylor Rogers,MIN,RP,0,0,0,0,0,0,0,0,0,60.1,64,3,2,3.28,1.19,22,64,0
Ivan Nova,CWS,SP,0,0,0,0,0,0,0,0,0,158.8,116,9,0,4.61,1.31,81,27,27
Jaime Barria,LAA,SP,0,0,0,0,0,0,0,0,0,122.9,96,8,0,4.42,1.34,60,24,24
Matt Shoemaker,TOR,SP,0,0,0,0,0,0,0,0,0,115.2,107,6,0,4.48,1.32,57,21,21
Jalen Beeks,TB,RP,0,0,0,0,0,0,0,0,0,76.7,72,5,0,4.52,1.4,39,19,13
Carl Edwards Jr.,CHC,RP,0,0,0,0,0,0,0,0,0,55.8,74,3,2,3.37,1.31,21,61,0
Felix Hernandez,SEA,SP,0,0,0,0,0,0,0,0,0,128.3,103,7,0,4.67,1.37,67,22,22
Daniel Mengden,OAK,SP,0,0,0,0,0,0,0,0,0,123.6,87,7,0,4.39,1.28,60,22,21
Max Fried,ATL,"SP,RP",0,0,0,0,0,0,0,0,0,48.6,51,3,0,3.98,1.44,21,25,6
Jerad Eickhoff,PHI,SP,0,0,0,0,0,0,0,0,0,45.3,44,2,0,4.69,1.4,24,16,9
Jonathan Loaisiga,NYY,SP,0,0,0,0,0,0,0,0,0,53.2,58,4,0,4.06,1.28,24,22,9
Wade Miley,HOU,SP,0,0,0,0,0,0,0,0,0,111.1,89,7,0,4.32,1.41,53,20,20
Craig Stammen,SD,RP,0,0,0,0,0,0,0,0,0,75.4,79,4,2,3.38,1.2,28,69,0
Matt Festa,SEA,RP,0,0,0,0,0,0,0,0,0,41.1,41,2,0,4.16,1.32,19,39,0
Robbie Erlin,SD,"SP,RP",0,0,0,0,0,0,0,0,0,118.7,96,7,0,4.15,1.26,55,25,21
Jeremy Hellickson,WSH,SP,0,0,0,0,0,0,0,0,0,114,84,7,0,4.6,1.3,58,21,21
Fernando Romero,MIN,"SP,RP",0,0,0,0,0,0,0,0,0,67.5,54,3,1,4.35,1.4,33,39,7
Stephen Gonsalves,MIN,SP,0,0,0,0,0,0,0,0,0,57.4,49,4,0,4.75,1.53,30,16,11
Marco Estrada,OAK,SP,0,0,0,0,0,0,0,0,0,123.4,97,7,0,4.78,1.35,66,23,23
Seunghwan Oh,COL,RP,0,0,0,0,0,0,0,0,0,62.5,66,3,3,4,1.21,28,64,0
Jason Vargas,NYM,SP,0,0,0,0,0,0,0,0,0,113.6,99,7,0,4.52,1.34,57,21,21
Martin Perez,MIN,"SP,RP",0,0,0,0,0,0,0,0,0,115,76,7,0,4.7,1.49,60,24,19
Logan Allen,SD,SP,0,0,0,0,0,0,0,0,0,53.5,50,4,0,4.32,1.39,26,10,10
Dakota Hudson,STL,RP,0,0,0,0,0,0,0,0,0,74.4,56,5,0,4.13,1.49,34,53,6
Steve Cishek,CHC,RP,0,0,0,0,0,0,0,0,0,56.4,61,3,2,3.26,1.19,20,61,0
A.J. Puk,OAK,SP,0,0,0,0,0,0,0,0,0,53.8,56,3,0,4.2,1.37,25,13,10
Will Harris,HOU,RP,0,0,0,0,0,0,0,0,0,56.5,62,3,1,3.35,1.15,21,61,0
Dan Straily,MIA,SP,0,0,0,0,0,0,0,0,0,148.4,128,7,0,4.63,1.36,76,28,28
Eric Lauer,SD,SP,0,0,0,0,0,0,0,0,0,122.6,109,7,0,4.56,1.47,62,26,25
Alex Claudio,MIL,RP,0,0,0,0,0,0,0,0,0,56.2,39,3,1,3.58,1.3,22,53,0
Nate Jones,CWS,RP,0,0,0,0,0,0,0,0,0,50.3,56,3,7,3.76,1.31,21,50,0
Tayron Guerrero,MIA,RP,0,0,0,0,0,0,0,0,0,59.2,66,2,2,4.51,1.51,30,57,0
Jose Castillo,SD,RP,0,0,0,0,0,0,0,0,0,40.6,52,2,1,3.47,1.2,16,44,0
Lou Trivino,OAK,RP,0,0,0,0,0,0,0,0,0,68,73,4,2,3.43,1.27,26,67,0
Addison Reed,MIN,RP,0,0,0,0,0,0,0,0,0,60.5,53,3,2,4.25,1.28,29,61,0
Tyler Mahle,CIN,SP,0,0,0,0,0,0,0,0,0,78.7,71,4,0,4.79,1.46,42,19,15
Tony Watson,SF,RP,0,0,0,0,0,0,0,0,0,61.7,61,3,3,3.25,1.17,22,66,0
Carson Fulmer,CWS,SP,0,0,0,0,0,0,0,0,0,60.1,49,3,0,5.78,1.67,39,26,9
Joakim Soria,OAK,RP,0,0,0,0,0,0,0,0,0,59.1,67,3,4,3.42,1.22,22,63,0
Keynan Middleton,LAA,RP,0,0,0,0,0,0,0,0,0,22.5,23,1,0,4,1.36,10,23,0
Yusmeiro Petit,OAK,RP,0,0,0,0,0,0,0,0,0,74.6,67,4,1,3.82,1.15,32,61,0
Joe Ross,WSH,SP,0,0,0,0,0,0,0,0,0,73.3,60,5,0,4.27,1.29,35,14,14
Adam Wainwright,STL,SP,0,0,0,0,0,0,0,0,0,110.6,94,7,0,4.28,1.41,53,27,19
Joe Kelly,LAD,RP,0,0,0,0,0,0,0,0,0,61.4,65,3,2,3.52,1.31,24,65,0
Reyes Moronta,SF,RP,0,0,0,0,0,0,0,0,0,52.7,66,3,1,3.33,1.29,20,57,0
Ryne Stanek,TB,"SP,RP",0,0,0,0,0,0,0,0,0,53,67,3,1,3.66,1.27,22,51,11
Cionel Perez,HOU,RP,0,0,0,0,0,0,0,0,0,44.4,45,3,0,4.23,1.42,21,36,3
Carson Smith,BOS,RP,0,0,0,0,0,0,0,0,0,15.8,18,1,1,3.44,1.27,6,19,0
Daniel Norris,DET,SP,0,0,0,0,0,0,0,0,0,95.9,91,5,0,4.91,1.49,52,21,20
Trevor Hildenberger,MIN,RP,0,0,0,0,0,0,0,0,0,60.7,59,3,5,4.04,1.28,27,59,0
Antonio Senzatela,COL,"SP,RP",0,0,0,0,0,0,0,0,0,148.3,118,9,0,4.52,1.4,75,29,27
Brad Brach,CHC,RP,0,0,0,0,0,0,0,0,0,53.1,54,3,2,3.83,1.37,23,57,0
Chris Stratton,SF,SP,0,0,0,0,0,0,0,0,0,85,67,4,0,4.5,1.43,43,33,12
Jace Fry,CWS,RP,0,0,0,0,0,0,0,0,0,52.3,66,2,2,3.91,1.3,23,60,0
Drew Smyly,TEX,SP,0,0,0,0,0,0,0,0,0,121.4,109,7,0,4.73,1.36,64,21,21
Zach Davies,MIL,SP,0,0,0,0,0,0,0,0,0,141.9,106,9,0,4.41,1.37,69,27,27
Kyle Barraclough,WSH,RP,0,0,0,0,0,0,0,0,0,56.4,64,3,3,3.96,1.4,25,59,0
Cody Reed,CIN,RP,0,0,0,0,0,0,0,0,0,54.4,52,3,0,4.69,1.48,28,17,10
Tyson Ross,DET,SP,0,0,0,0,0,0,0,0,0,124.7,98,6,0,4.81,1.45,67,22,21
Bryse Wilson,ATL,SP,0,0,0,0,0,0,0,0,0,42.7,41,3,0,4.17,1.36,20,21,6
Tyler Chatwood,CHC,SP,0,0,0,0,0,0,0,0,0,61.7,51,3,0,4.82,1.61,33,34,6
Nick Tropeano,LAA,SP,0,0,0,0,0,0,0,0,0,72.3,64,4,0,4.68,1.35,38,10,10
Mitch Keller,PIT,SP,0,0,0,0,0,0,0,0,0,89.8,75,5,0,4.57,1.43,46,17,17
Caleb Ferguson,LAD,"SP,RP",0,0,0,0,0,0,0,0,0,65.6,71,4,1,3.49,1.24,25,43,5
David Hernandez,CIN,RP,0,0,0,0,0,0,0,0,0,62.4,64,3,1,3.65,1.2,25,60,0
Jared Hughes,CIN,RP,0,0,0,0,0,0,0,0,0,66.6,52,3,2,3.52,1.3,26,66,0
Amir Garrett,CIN,RP,0,0,0,0,0,0,0,0,0,63.1,68,3,1,4.44,1.37,31,62,0
Fernando Rodney,OAK,RP,0,0,0,0,0,0,0,0,0,50.6,54,3,2,3.79,1.37,21,50,0
Luke Gregerson,STL,RP,0,0,0,0,0,0,0,0,0,40.9,42,2,1,4.21,1.31,19,47,0
Tyler Thornburg,BOS,RP,0,0,0,0,0,0,0,0,0,49,48,3,2,4.93,1.43,27,51,0
Felix Pena,LAA,SP,0,0,0,0,0,0,0,0,0,75.6,71,4,0,4.55,1.36,38,15,14
Phil Maton,SD,RP,0,0,0,0,0,0,0,0,0,52.3,59,2,1,4.07,1.38,24,51,0
Pat Neshek,PHI,RP,0,0,0,0,0,0,0,0,0,48.6,45,3,1,3.49,1.14,19,56,0
Matt Andriese,ARI,"SP,RP",0,0,0,0,0,0,0,0,0,86.3,78,4,0,4.53,1.33,43,29,11
Ray Black,SF,RP,0,0,0,0,0,0,0,0,0,36.7,54,2,1,4.05,1.22,17,42,0
Adam Conley,MIA,RP,0,0,0,0,0,0,0,0,0,63.7,56,3,4,4.28,1.35,30,62,0
Adalberto Mejia,MIN,SP,0,0,0,0,0,0,0,0,0,90.6,73,5,0,4.05,1.4,41,28,10
Junior Guerra,MIL,"SP,RP",0,0,0,0,0,0,0,0,0,69.8,67,3,0,4.19,1.34,32,47,5
Cam Bedrosian,LAA,RP,0,0,0,0,0,0,0,0,0,54.6,54,3,1,3.87,1.35,24,59,0
Ryan Borucki,TOR,"SP,RP",0,0,0,0,0,0,0,0,0,110.4,79,6,0,4.28,1.36,52,22,21
Dylan Cease,CWS,SP,0,0,0,0,0,0,0,0,0,42.2,43,2,0,4.42,1.46,21,9,8
Justin Miller,WSH,RP,0,0,0,0,0,0,0,0,0,52,58,3,1,4.13,1.27,24,53,0
John Brebbia,STL,RP,0,0,0,0,0,0,0,0,0,55.2,62,3,1,3.58,1.18,22,52,0
Ryan Tepera,TOR,RP,0,0,0,0,0,0,0,0,0,64.4,69,3,4,3.97,1.29,28,65,0
Wilmer Font,TB,"SP,RP",0,0,0,0,0,0,0,0,0,47.9,47,2,0,4.78,1.36,25,35,3
Michael Lorenzen,CIN,RP,0,0,0,0,0,0,0,0,0,74.6,59,3,1,4.08,1.39,34,55,1
Dan Winkler,ATL,RP,0,0,0,0,0,0,0,0,0,50.5,58,2,0,3.72,1.26,21,54,0
Jordan Lyles,PIT,"SP,RP",0,0,0,0,0,0,0,0,0,92.4,79,4,0,4.37,1.36,45,38,9
Kyle Crick,PIT,RP,0,0,0,0,0,0,0,0,0,53.3,56,3,1,3.7,1.38,22,57,0
Justin Anderson,LAA,RP,0,0,0,0,0,0,0,0,0,56.5,63,3,1,4.13,1.5,26,57,0
Tommy Kahnle,NYY,RP,0,0,0,0,0,0,0,0,0,42.2,54,2,1,4,1.38,19,45,0
Dan Altavilla,SEA,RP,0,0,0,0,0,0,0,0,0,33.7,38,2,1,4.05,1.4,15,30,0
Sean Reid-Foley,TOR,SP,0,0,0,0,0,0,0,0,0,78.7,81,5,0,4.51,1.41,39,17,17
Mike Trout,LAA,"CF,DH",509,113,39,97,24,0.307,0.44,0.612,1.052,0,0,0,0,0,0,0,0,0
Mookie Betts,BOS,"CF,RF",591,117,30,93,27,0.307,0.387,0.547,0.934,0,0,0,0,0,0,0,0,0
Jose Ramirez,CLE,"2B,3B",571,101,30,97,25,0.287,0.376,0.536,0.912,0,0,0,0,0,0,0,0,0
Nolan Arenado,COL,3B,588,99,37,113,2,0.292,0.363,0.56,0.923,0,0,0,0,0,0,0,0,0
J.D. Martinez,BOS,"LF,RF,DH",547,98,40,116,4,0.305,0.378,0.591,0.969,0,0,0,0,0,0,0,0,0
Christian Yelich,MIL,"LF,CF,RF",574,102,28,93,17,0.3,0.378,0.52,0.898,0,0,0,0,0,0,0,0,0
Trea Turner,WSH,SS,601,96,18,69,46,0.281,0.34,0.442,0.783,0,0,0,0,0,0,0,0,0
Ronald Acuna,ATL,"LF,CF",582,96,30,86,23,0.278,0.345,0.506,0.851,0,0,0,0,0,0,0,0,0
Francisco Lindor,CLE,SS,574,101,29,85,19,0.284,0.352,0.508,0.86,0,0,0,0,0,0,0,0,0
Jose Altuve,HOU,2B,584,95,18,78,22,0.315,0.375,0.48,0.854,0,0,0,0,0,0,0,0,0
Bryce Harper,PHI,"CF,RF",516,99,34,99,11,0.267,0.399,0.528,0.927,0,0,0,0,0,0,0,0,0
Manny Machado,SD,"3B,SS",593,86,33,96,10,0.284,0.349,0.515,0.864,0,0,0,0,0,0,0,0,0
Alex Bregman,HOU,"3B,SS",571,98,28,94,11,0.285,0.371,0.512,0.884,0,0,0,0,0,0,0,0,0
Aaron Judge,NYY,"RF,DH",515,99,38,94,7,0.266,0.381,0.538,0.919,0,0,0,0,0,0,0,0,0
Trevor Story,COL,SS,567,85,33,98,20,0.273,0.331,0.529,0.86,0,0,0,0,0,0,0,0,0
Freddie Freeman,ATL,1B,569,92,27,93,8,0.3,0.383,0.521,0.904,0,0,0,0,0,0,0,0,0
Giancarlo Stanton,NYY,"LF,RF,DH",557,97,43,109,3,0.267,0.346,0.55,0.897,0,0,0,0,0,0,0,0,0
Paul Goldschmidt,STL,1B,562,96,30,94,10,0.284,0.384,0.509,0.893,0,0,0,0,0,0,0,0,0
Javier Baez,CHC,"2B,3B,SS",582,87,30,97,17,0.277,0.314,0.509,0.824,0,0,0,0,0,0,0,0,0
Charlie Blackmon,COL,CF,591,106,28,77,12,0.295,0.354,0.514,0.869,0,0,0,0,0,0,0,0,0
Andrew Benintendi,BOS,"LF,CF",583,98,18,84,20,0.286,0.362,0.462,0.824,0,0,0,0,0,0,0,0,0
Kris Bryant,CHC,"3B,RF",551,96,27,84,6,0.278,0.367,0.503,0.87,0,0,0,0,0,0,0,0,0
Anthony Rizzo,CHC,1B,559,88,28,98,7,0.28,0.366,0.499,0.865,0,0,0,0,0,0,0,0,0
Juan Soto,WSH,LF,538,94,29,94,7,0.29,0.393,0.518,0.91,0,0,0,0,0,0,0,0,0
Starling Marte,PIT,CF,558,81,18,68,34,0.281,0.322,0.447,0.769,0,0,0,0,0,0,0,0,0
Anthony Rendon,WSH,3B,541,86,24,91,5,0.293,0.369,0.506,0.875,0,0,0,0,0,0,0,0,0
Rhys Hoskins,PHI,"1B,LF",550,92,36,104,5,0.25,0.349,0.509,0.858,0,0,0,0,0,0,0,0,0
Khris Davis,OAK,"LF,DH",563,90,42,110,1,0.246,0.319,0.521,0.84,0,0,0,0,0,0,0,0,0
Carlos Correa,HOU,SS,534,83,24,91,5,0.27,0.352,0.465,0.818,0,0,0,0,0,0,0,0,0
Whit Merrifield,KC,"1B,2B,CF,RF,DH",594,82,13,63,34,0.284,0.337,0.427,0.764,0,0,0,0,0,0,0,0,0
Cody Bellinger,LAD,"1B,CF",543,87,31,92,12,0.26,0.343,0.501,0.843,0,0,0,0,0,0,0,0,0
Xander Bogaerts,BOS,SS,573,87,20,90,11,0.286,0.351,0.472,0.823,0,0,0,0,0,0,0,0,0
George Springer,HOU,"CF,RF,DH",561,100,27,78,8,0.268,0.346,0.464,0.81,0,0,0,0,0,0,0,0,0
Joey Votto,CIN,1B,518,84,22,80,3,0.29,0.412,0.48,0.892,0,0,0,0,0,0,0,0,0
Eugenio Suarez,CIN,3B,542,81,30,93,3,0.267,0.346,0.488,0.834,0,0,0,0,0,0,0,0,0
Adalberto Mondesi,KC,"2B,SS",535,75,20,67,44,0.251,0.288,0.435,0.723,0,0,0,0,0,0,0,0,0
Lorenzo Cain,MIL,CF,554,86,13,53,25,0.291,0.361,0.422,0.783,0,0,0,0,0,0,0,0,0
Jose Abreu,CWS,"1B,DH",559,78,26,90,2,0.282,0.33,0.495,0.825,0,0,0,0,0,0,0,0,0
Ozzie Albies,ATL,2B,593,89,20,73,16,0.269,0.315,0.452,0.767,0,0,0,0,0,0,0,0,0
Corey Seager,LAD,SS,529,82,21,74,3,0.286,0.354,0.473,0.827,0,0,0,0,0,0,0,0,0
Jean Segura,PHI,SS,593,88,13,64,22,0.291,0.331,0.421,0.752,0,0,0,0,0,0,0,0,0
Vladimir Guerrero Jr.,TOR,3B,487,73,22,79,5,0.3,0.359,0.51,0.869,0,0,0,0,0,0,0,0,0
Nelson Cruz,MIN,DH,518,81,35,101,1,0.273,0.343,0.526,0.869,0,0,0,0,0,0,0,0,0
Tommy Pham,TB,"LF,CF",502,89,22,69,17,0.268,0.356,0.457,0.812,0,0,0,0,0,0,0,0,0
Daniel Murphy,COL,"1B,2B",518,78,21,80,4,0.307,0.356,0.511,0.867,0,0,0,0,0,0,0,0,0
Marcell Ozuna,STL,LF,572,78,27,94,2,0.285,0.339,0.479,0.818,0,0,0,0,0,0,0,0,0
Matt Carpenter,STL,"1B,2B,3B",530,96,28,76,3,0.254,0.369,0.488,0.857,0,0,0,0,0,0,0,0,0
Yasiel Puig,CIN,RF,497,75,27,80,15,0.273,0.341,0.496,0.837,0,0,0,0,0,0,0,0,0
Justin Upton,LAA,"LF,DH",543,82,30,89,9,0.251,0.331,0.467,0.798,0,0,0,0,0,0,0,0,0
Eddie Rosario,MIN,LF,576,85,25,82,9,0.28,0.32,0.48,0.8,0,0,0,0,0,0,0,0,0
Gleyber Torres,NYY,"2B,SS",530,72,25,85,9,0.268,0.333,0.462,0.795,0,0,0,0,0,0,0,0,0
Mitch Haniger,SEA,"CF,RF",562,83,24,84,7,0.27,0.343,0.469,0.811,0,0,0,0,0,0,0,0,0
Gary Sanchez,NYY,"C,DH",457,73,29,81,2,0.244,0.316,0.486,0.802,0,0,0,0,0,0,0,0,0
Justin Turner,LAD,3B,495,76,20,75,4,0.293,0.365,0.487,0.851,0,0,0,0,0,0,0,0,0
J.T. Realmuto,PHI,"C,1B",493,72,22,75,5,0.276,0.327,0.482,0.809,0,0,0,0,0,0,0,0,0
Nicholas Castellanos,DET,RF,591,80,25,89,3,0.282,0.335,0.494,0.829,0,0,0,0,0,0,0,0,0
Jesus Aguilar,MIL,1B,518,75,31,95,0,0.256,0.326,0.49,0.816,0,0,0,0,0,0,0,0,0
A.J. Pollock,LAD,CF,502,77,22,70,17,0.262,0.317,0.466,0.783,0,0,0,0,0,0,0,0,0
Josh Donaldson,ATL,"3B,DH",466,78,27,77,4,0.261,0.363,0.495,0.858,0,0,0,0,0,0,0,0,0
Matt Olson,OAK,1B,552,83,32,90,2,0.244,0.33,0.47,0.8,0,0,0,0,0,0,0,0,0
Scooter Gennett,CIN,2B,556,77,22,85,4,0.281,0.328,0.465,0.793,0,0,0,0,0,0,0,0,0
Joey Gallo,TEX,"1B,LF,CF,RF",495,85,40,93,5,0.217,0.322,0.515,0.836,0,0,0,0,0,0,0,0,0
Miguel Andujar,NYY,"3B,DH",546,75,24,85,3,0.283,0.318,0.492,0.81,0,0,0,0,0,0,0,0,0
Michael Conforto,NYM,"LF,CF,RF",531,81,29,85,3,0.25,0.344,0.47,0.814,0,0,0,0,0,0,0,0,0
Wil Myers,SD,"3B,LF,RF",516,74,23,72,19,0.25,0.324,0.455,0.78,0,0,0,0,0,0,0,0,0
David Dahl,COL,"LF,CF,RF",510,70,24,80,11,0.273,0.322,0.495,0.818,0,0,0,0,0,0,0,0,0
Matt Chapman,OAK,3B,555,89,27,80,3,0.256,0.327,0.485,0.812,0,0,0,0,0,0,0,0,0
Robinson Cano,NYM,2B,544,74,21,82,1,0.28,0.339,0.458,0.797,0,0,0,0,0,0,0,0,0
Rougned Odor,TEX,"2B,DH",560,81,25,78,14,0.25,0.301,0.447,0.748,0,0,0,0,0,0,0,0,0
Travis Shaw,MIL,"1B,3B,2B",515,76,29,88,6,0.253,0.337,0.478,0.815,0,0,0,0,0,0,0,0,0
Andrew McCutchen,PHI,"LF,RF",532,83,25,77,11,0.26,0.356,0.46,0.815,0,0,0,0,0,0,0,0,0
Aaron Hicks,NYY,CF,498,83,24,75,11,0.252,0.354,0.452,0.806,0,0,0,0,0,0,0,0,0
Michael Brantley,HOU,"LF,DH",527,76,16,73,11,0.293,0.351,0.448,0.799,0,0,0,0,0,0,0,0,0
David Peralta,ARI,LF,554,77,23,76,5,0.283,0.34,0.48,0.82,0,0,0,0,0,0,0,0,0
Edwin Encarnacion,SEA,"1B,DH",502,73,30,91,2,0.241,0.333,0.466,0.8,0,0,0,0,0,0,0,0,0
Jonathan Villar,BAL,"2B,SS",513,66,15,52,36,0.253,0.317,0.39,0.706,0,0,0,0,0,0,0,0,0
Jose Peraza,CIN,SS,587,74,12,58,24,0.281,0.314,0.402,0.716,0,0,0,0,0,0,0,0,0
Dee Gordon,SEA,"2B,CF",575,73,4,41,37,0.277,0.3,0.356,0.656,0,0,0,0,0,0,0,0,0
Eloy Jimenez,CWS,"LF,RF",474,64,22,72,2,0.285,0.333,0.495,0.828,0,0,0,0,0,0,0,0,0
Victor Robles,WSH,RF,496,68,12,57,26,0.271,0.325,0.422,0.746,0,0,0,0,0,0,0,0,0
Max Muncy,LAD,"1B,2B,3B",451,73,27,75,3,0.247,0.355,0.484,0.839,0,0,0,0,0,0,0,0,0
Rafael Devers,BOS,3B,520,72,24,80,6,0.264,0.321,0.468,0.789,0,0,0,0,0,0,0,0,0
Mike Moustakas,MIL,"3B,DH",539,71,31,90,3,0.26,0.316,0.494,0.809,0,0,0,0,0,0,0,0,0
Nomar Mazara,TEX,RF,546,71,23,86,2,0.266,0.327,0.451,0.777,0,0,0,0,0,0,0,0,0
Ender Inciarte,ATL,CF,579,78,10,57,23,0.277,0.331,0.392,0.723,0,0,0,0,0,0,0,0,0
Brian Dozier,WSH,2B,524,80,25,77,12,0.242,0.321,0.451,0.772,0,0,0,0,0,0,0,0,0
Mallex Smith,SEA,"LF,CF,RF",518,70,5,44,39,0.268,0.331,0.376,0.707,0,0,0,0,0,0,0,0,0
Miguel Cabrera,DET,"1B,DH",473,64,20,74,0,0.28,0.363,0.463,0.826,0,0,0,0,0,0,0,0,0
Eric Hosmer,SD,1B,585,78,21,79,6,0.27,0.34,0.433,0.773,0,0,0,0,0,0,0,0,0
Tim Anderson,CWS,SS,578,73,18,63,22,0.252,0.283,0.406,0.689,0,0,0,0,0,0,0,0,0
Elvis Andrus,TEX,SS,543,72,11,59,13,0.271,0.321,0.405,0.726,0,0,0,0,0,0,0,0,0
Yoan Moncada,CWS,2B,559,78,20,64,15,0.24,0.324,0.41,0.733,0,0,0,0,0,0,0,0,0
Stephen Piscotty,OAK,RF,530,75,23,79,3,0.262,0.326,0.459,0.785,0,0,0,0,0,0,0,0,0
Yasmani Grandal,MIL,C,408,57,22,64,1,0.241,0.339,0.46,0.8,0,0,0,0,0,0,0,0,0
Willson Contreras,CHC,C,446,55,15,62,4,0.258,0.332,0.425,0.757,0,0,0,0,0,0,0,0,0
Jurickson Profar,OAK,"1B,2B,3B,SS",528,76,17,67,9,0.256,0.324,0.428,0.752,0,0,0,0,0,0,0,0,0
Ryan Braun,MIL,"1B,LF",453,66,21,69,12,0.266,0.325,0.473,0.798,0,0,0,0,0,0,0,0,0
Amed Rosario,NYM,SS,562,70,11,56,23,0.26,0.297,0.389,0.687,0,0,0,0,0,0,0,0,0
Paul DeJong,STL,SS,500,68,24,75,2,0.253,0.302,0.458,0.76,0,0,0,0,0,0,0,0,0
Ian Desmond,COL,"1B,LF",485,68,18,69,17,0.256,0.315,0.426,0.742,0,0,0,0,0,0,0,0,0
Buster Posey,SF,"C,1B",455,58,10,57,3,0.289,0.361,0.418,0.779,0,0,0,0,0,0,0,0,0
Carlos Santana,CLE,"1B,3B",529,82,23,83,3,0.248,0.363,0.445,0.808,0,0,0,0,0,0,0,0,0
Wilson Ramos,NYM,"C,DH",386,43,16,60,0,0.273,0.324,0.451,0.774,0,0,0,0,0,0,0,0,0
Adam Eaton,WSH,"LF,RF",489,78,9,53,12,0.286,0.356,0.416,0.773,0,0,0,0,0,0,0,0,0
Kyle Schwarber,CHC,LF,458,72,29,73,4,0.237,0.344,0.472,0.817,0,0,0,0,0,0,0,0,0
Brandon Nimmo,NYM,"LF,CF,RF",505,80,17,55,9,0.25,0.353,0.428,0.781,0,0,0,0,0,0,0,0,0
Jonathan Schoop,MIN,2B,513,70,24,77,1,0.263,0.296,0.465,0.761,0,0,0,0,0,0,0,0,0
Cesar Hernandez,PHI,2B,542,80,11,50,16,0.264,0.355,0.378,0.732,0,0,0,0,0,0,0,0,0
Yadier Molina,STL,C,461,54,16,66,5,0.269,0.312,0.424,0.737,0,0,0,0,0,0,0,0,0
Austin Meadows,TB,"LF,CF,RF",459,61,16,60,14,0.265,0.313,0.446,0.76,0,0,0,0,0,0,0,0,0
Andrelton Simmons,LAA,SS,562,69,11,68,12,0.282,0.328,0.408,0.736,0,0,0,0,0,0,0,0,0
Billy Hamilton,KC,CF,501,69,4,34,43,0.242,0.3,0.337,0.637,0,0,0,0,0,0,0,0,0
Harrison Bader,STL,"LF,CF,RF",493,66,16,57,16,0.248,0.303,0.404,0.706,0,0,0,0,0,0,0,0,0
Byron Buxton,MIN,CF,454,62,14,51,21,0.24,0.29,0.4,0.691,0,0,0,0,0,0,0,0,0
Justin Smoak,TOR,"1B,DH",518,72,27,79,1,0.243,0.339,0.462,0.8,0,0,0,0,0,0,0,0,0
Luke Voit,NYY,1B,408,61,21,67,1,0.268,0.337,0.486,0.823,0,0,0,0,0,0,0,0,0
Marcus Semien,OAK,SS,563,77,17,67,13,0.252,0.317,0.405,0.722,0,0,0,0,0,0,0,0,0
Corey Dickerson,PIT,"LF,DH",517,68,19,65,6,0.282,0.319,0.474,0.792,0,0,0,0,0,0,0,0,0
Jorge Polanco,MIN,SS,551,72,13,69,13,0.271,0.326,0.421,0.747,0,0,0,0,0,0,0,0,0
Odubel Herrera,PHI,CF,498,64,17,63,8,0.267,0.319,0.434,0.753,0,0,0,0,0,0,0,0,0
Josh Bell,PIT,1B,527,75,18,74,3,0.265,0.354,0.438,0.792,0,0,0,0,0,0,0,0,0
Shin-Soo Choo,TEX,"LF,RF,DH",518,79,19,63,7,0.258,0.354,0.422,0.777,0,0,0,0,0,0,0,0,0
Jesse Winker,CIN,"LF,RF",462,65,14,63,2,0.286,0.377,0.439,0.816,0,0,0,0,0,0,0,0,0
Jake Bauers,CLE,"1B,LF",492,71,17,70,13,0.24,0.331,0.41,0.741,0,0,0,0,0,0,0,0,0
Domingo Santana,SEA,RF,478,63,20,64,7,0.249,0.333,0.43,0.763,0,0,0,0,0,0,0,0,0
Kyle Seager,SEA,3B,566,70,24,82,2,0.242,0.303,0.431,0.734,0,0,0,0,0,0,0,0,0
Ramon Laureano,OAK,RF,455,65,15,55,16,0.253,0.32,0.425,0.745,0,0,0,0,0,0,0,0,0
Yuli Gurriel,HOU,"1B,3B,DH",509,64,14,73,4,0.284,0.316,0.439,0.755,0,0,0,0,0,0,0,0,0
DJ LeMahieu,NYY,2B,459,68,10,51,7,0.279,0.337,0.403,0.74,0,0,0,0,0,0,0,0,0
Gregory Polanco,PIT,RF,389,55,17,57,10,0.256,0.331,0.463,0.794,0,0,0,0,0,0,0,0,0
Eduardo Escobar,ARI,"3B,SS",544,70,21,76,3,0.259,0.317,0.454,0.771,0,0,0,0,0,0,0,0,0
Miguel Sano,MIN,"1B,3B,DH",427,63,25,71,0,0.234,0.32,0.464,0.784,0,0,0,0,0,0,0,0,0
Tyler White,HOU,1B,445,61,20,69,2,0.255,0.327,0.454,0.782,0,0,0,0,0,0,0,0,0
Franmil Reyes,SD,"LF,RF",408,58,22,62,1,0.259,0.327,0.466,0.793,0,0,0,0,0,0,0,0,0
Max Kepler,MIN,"CF,RF",503,73,20,68,6,0.247,0.325,0.441,0.765,0,0,0,0,0,0,0,0,0
C.J. Cron,MIN,"1B,DH",462,64,25,75,2,0.259,0.308,0.483,0.791,0,0,0,0,0,0,0,0,0
Trey Mancini,BAL,"1B,LF",560,69,23,72,1,0.259,0.311,0.441,0.752,0,0,0,0,0,0,0,0,0
Ketel Marte,ARI,"2B,SS",540,72,13,59,8,0.27,0.332,0.424,0.756,0,0,0,0,0,0,0,0,0
Hunter Renfroe,SD,"LF,RF",432,56,25,68,3,0.248,0.296,0.479,0.775,0,0,0,0,0,0,0,0,0
Jose Martinez,STL,"1B,RF",424,56,14,61,2,0.291,0.353,0.45,0.803,0,0,0,0,0,0,0,0,0
Jackie Bradley Jr.,BOS,"CF,RF",505,73,17,68,13,0.247,0.318,0.425,0.742,0,0,0,0,0,0,0,0,0
Jake Lamb,ARI,3B,480,70,21,75,5,0.241,0.33,0.439,0.769,0,0,0,0,0,0,0,0,0
Randal Grichuk,TOR,"CF,RF",483,69,28,75,4,0.244,0.293,0.492,0.785,0,0,0,0,0,0,0,0,0
Maikel Franco,PHI,3B,510,63,25,80,1,0.259,0.309,0.458,0.766,0,0,0,0,0,0,0,0,0
Chris Taylor,LAD,"2B,SS,LF,CF",531,78,16,63,12,0.255,0.322,0.428,0.75,0,0,0,0,0,0,0,0,0
Nick Senzel,CIN,3B,386,51,13,51,10,0.275,0.338,0.453,0.792,0,0,0,0,0,0,0,0,0
Ian Happ,CHC,"3B,LF,CF,RF",413,60,19,58,8,0.236,0.334,0.435,0.769,0,0,0,0,0,0,0,0,0
Manuel Margot,SD,CF,451,52,10,47,14,0.258,0.306,0.405,0.712,0,0,0,0,0,0,0,0,0
Danny Jansen,TOR,C,363,47,12,47,3,0.251,0.321,0.417,0.738,0,0,0,0,0,0,0,0,0
Ryan Zimmerman,WSH,1B,440,60,21,73,2,0.262,0.323,0.476,0.799,0,0,0,0,0,0,0,0,0
Nick Markakis,ATL,RF,519,64,11,69,1,0.277,0.351,0.407,0.758,0,0,0,0,0,0,0,0,0
Garrett Hampson,COL,"2B,SS",405,54,7,40,21,0.278,0.338,0.405,0.744,0,0,0,0,0,0,0,0,0
Lourdes Gurriel Jr.,TOR,"2B,SS",467,57,17,63,5,0.266,0.298,0.422,0.719,0,0,0,0,0,0,0,0,0
Jed Lowrie,NYM,"2B,3B",517,67,16,66,0,0.256,0.336,0.411,0.747,0,0,0,0,0,0,0,0,0
Willy Adames,TB,"2B,SS",531,70,14,61,10,0.255,0.324,0.387,0.712,0,0,0,0,0,0,0,0,0
Kevin Kiermaier,TB,CF,465,63,13,50,16,0.242,0.299,0.401,0.701,0,0,0,0,0,0,0,0,0
Adam Jones,,"CF,DH",529,61,18,66,4,0.269,0.304,0.424,0.728,0,0,0,0,0,0,0,0,0
Pete Alonso,NYM,"1B,DH",412,54,22,64,2,0.239,0.312,0.449,0.76,0,0,0,0,0,0,0,0,0
Brandon Belt,SF,"1B,LF",480,68,19,64,4,0.255,0.35,0.447,0.797,0,0,0,0,0,0,0,0,0
Yonder Alonso,CWS,1B,495,63,22,70,1,0.245,0.321,0.424,0.745,0,0,0,0,0,0,0,0,0
Evan Longoria,SF,3B,552,64,20,73,3,0.255,0.3,0.431,0.73,0,0,0,0,0,0,0,0,0
Steven Souza Jr.,ARI,RF,450,61,19,62,11,0.239,0.324,0.431,0.755,0,0,0,0,0,0,0,0,0
Asdrubal Cabrera,TEX,"2B,3B,SS",500,68,20,70,2,0.275,0.329,0.463,0.793,0,0,0,0,0,0,0,0,0
Marwin Gonzalez,MIN,"1B,2B,SS,LF",465,61,17,66,5,0.265,0.327,0.443,0.77,0,0,0,0,0,0,0,0,0
Starlin Castro,MIA,2B,573,69,14,62,5,0.272,0.317,0.405,0.723,0,0,0,0,0,0,0,0,0
Welington Castillo,CWS,C,347,39,14,45,1,0.25,0.299,0.414,0.713,0,0,0,0,0,0,0,0,0
Joc Pederson,LAD,"LF,CF",378,60,22,59,3,0.244,0.329,0.488,0.816,0,0,0,0,0,0,0,0,0
Joey Wendle,TB,"2B,LF",491,59,9,57,12,0.266,0.309,0.395,0.704,0,0,0,0,0,0,0,0,0
Matt Kemp,CIN,"LF,RF",344,45,16,56,0,0.272,0.321,0.474,0.795,0,0,0,0,0,0,0,0,0
Mike Zunino,TB,C,382,46,21,56,0,0.213,0.275,0.425,0.7,0,0,0,0,0,0,0,0,0
Jeimer Candelario,DET,3B,544,75,19,64,3,0.236,0.315,0.41,0.726,0,0,0,0,0,0,0,0,0
Brian Anderson,MIA,"3B,RF",569,77,14,66,3,0.262,0.329,0.404,0.733,0,0,0,0,0,0,0,0,0
Cedric Mullins,BAL,CF,519,69,14,52,14,0.25,0.306,0.402,0.707,0,0,0,0,0,0,0,0,0
Wilmer Flores,ARI,"1B,2B,3B",457,57,18,68,1,0.274,0.321,0.456,0.777,0,0,0,0,0,0,0,0,0
Francisco Mejia,SD,"C,DH",326,36,10,39,1,0.247,0.293,0.405,0.698,0,0,0,0,0,0,0,0,0
Avisail Garcia,TB,RF,361,49,15,52,3,0.266,0.312,0.445,0.757,0,0,0,0,0,0,0,0,0
Kyle Tucker,HOU,LF,282,41,12,41,8,0.259,0.32,0.449,0.769,0,0,0,0,0,0,0,0,0
Kendrys Morales,TOR,"1B,DH",476,60,24,71,2,0.251,0.319,0.447,0.766,0,0,0,0,0,0,0,0,0
Brett Gardner,NYY,"LF,CF",416,65,11,42,12,0.249,0.33,0.392,0.722,0,0,0,0,0,0,0,0,0
Kole Calhoun,LAA,RF,532,75,20,68,5,0.239,0.315,0.404,0.719,0,0,0,0,0,0,0,0,0
Francisco Cervelli,PIT,C,362,45,10,48,3,0.258,0.348,0.397,0.745,0,0,0,0,0,0,0,0,0
Kevin Pillar,TOR,CF,532,65,14,57,14,0.259,0.292,0.415,0.706,0,0,0,0,0,0,0,0,0
Didi Gregorius,NYY,SS,278,41,12,43,4,0.273,0.322,0.471,0.792,0,0,0,0,0,0,0,0,0
Tyler O'Neill,STL,"LF,RF",259,41,16,45,4,0.252,0.312,0.489,0.802,0,0,0,0,0,0,0,0,0
Jorge Alfaro,MIA,C,399,39,11,43,2,0.242,0.279,0.378,0.657,0,0,0,0,0,0,0,0,0
Yoenis Cespedes,NYM,LF,165,24,9,28,2,0.263,0.321,0.491,0.813,0,0,0,0,0,0,0,0,0
Yan Gomes,WSH,C,325,38,12,43,0,0.243,0.285,0.414,0.699,0,0,0,0,0,0,0,0,0
Mark Trumbo,BAL,"RF,DH",497,65,25,70,1,0.246,0.301,0.442,0.743,0,0,0,0,0,0,0,0,0
Teoscar Hernandez,TOR,"LF,RF",399,56,18,53,7,0.24,0.3,0.454,0.754,0,0,0,0,0,0,0,0,0
Tucker Barnhart,CIN,C,417,44,9,46,2,0.252,0.326,0.382,0.708,0,0,0,0,0,0,0,0,0
Jay Bruce,SEA,"1B,RF",394,50,18,60,2,0.239,0.312,0.439,0.751,0,0,0,0,0,0,0,0,0
Scott Schebler,CIN,"CF,RF",390,52,19,55,4,0.244,0.306,0.448,0.755,0,0,0,0,0,0,0,0,0
Jorge Soler,KC,"RF,DH",434,58,19,59,3,0.244,0.329,0.434,0.762,0,0,0,0,0,0,0,0,0
Robinson Chirinos,HOU,C,317,43,16,49,1,0.219,0.299,0.418,0.717,0,0,0,0,0,0,0,0,0
Ian Kinsler,SD,2B,429,58,13,44,12,0.246,0.303,0.395,0.698,0,0,0,0,0,0,0,0,0
Daniel Palka,CWS,"LF,RF,DH",437,59,25,66,3,0.235,0.293,0.454,0.747,0,0,0,0,0,0,0,0,0
Justin Bour,LAA,1B,359,50,20,61,1,0.25,0.346,0.468,0.814,0,0,0,0,0,0,0,0,0
Jason Kipnis,CLE,"2B,CF,DH",508,67,16,66,8,0.246,0.316,0.411,0.727,0,0,0,0,0,0,0,0,0
Luis Urias,SD,2B,503,66,9,46,6,0.253,0.324,0.373,0.697,0,0,0,0,0,0,0,0,0
Ryan O'Hearn,KC,1B,495,61,21,71,2,0.236,0.31,0.428,0.738,0,0,0,0,0,0,0,0,0
Ryan McMahon,COL,"1B,2B,3B",371,47,13,51,4,0.262,0.32,0.447,0.767,0,0,0,0,0,0,0,0,0
Niko Goodrum,DET,"1B,2B,3B,SS,LF,RF",444,55,15,54,11,0.242,0.303,0.413,0.716,0,0,0,0,0,0,0,0,0
Greg Allen,CLE,"CF,RF",381,50,5,35,23,0.249,0.3,0.35,0.65,0,0,0,0,0,0,0,0,0
Jeff McNeil,NYM,2B,417,59,10,49,9,0.279,0.327,0.431,0.758,0,0,0,0,0,0,0,0,0
Delino DeShields,TEX,CF,376,57,5,28,23,0.236,0.318,0.327,0.645,0,0,0,0,0,0,0,0,0
Willians Astudillo,MIN,"C,3B",256,29,9,35,3,0.28,0.308,0.442,0.75,0,0,0,0,0,0,0,0,0
Brandon Crawford,SF,SS,529,61,15,66,5,0.256,0.319,0.408,0.727,0,0,0,0,0,0,0,0,0
Zack Cozart,LAA,"2B,3B,SS",456,64,16,54,2,0.252,0.319,0.427,0.746,0,0,0,0,0,0,0,0,0
Adam Frazier,PIT,"2B,LF,RF",488,67,10,54,8,0.273,0.332,0.412,0.743,0,0,0,0,0,0,0,0,0
Fernando Tatis Jr.,SD,SS,265,36,9,30,8,0.235,0.295,0.404,0.699,0,0,0,0,0,0,0,0,0
Orlando Arcia,MIL,SS,501,53,10,51,12,0.25,0.294,0.364,0.658,0,0,0,0,0,0,0,0,0
Dansby Swanson,ATL,SS,474,54,12,56,8,0.243,0.311,0.386,0.697,0,0,0,0,0,0,0,0,0
Josh Harrison,DET,2B,451,57,11,49,8,0.263,0.301,0.401,0.701,0,0,0,0,0,0,0,0,0
Franchy Cordero,SD,"LF,CF",329,43,13,42,10,0.246,0.303,0.428,0.731,0,0,0,0,0,0,0,0,0
Ronald Guzman,TEX,1B,438,55,16,60,2,0.248,0.308,0.419,0.727,0,0,0,0,0,0,0,0,0
Scott Kingery,PHI,"3B,SS",374,46,9,37,10,0.239,0.28,0.371,0.651,0,0,0,0,0,0,0,0,0
Lewis Brinson,MIA,CF,452,45,15,51,6,0.225,0.27,0.382,0.652,0,0,0,0,0,0,0,0,0
Leonys Martin,CLE,CF,415,59,13,47,14,0.25,0.309,0.407,0.716,0,0,0,0,0,0,0,0,0
Willie Calhoun,TEX,LF,344,43,12,44,2,0.262,0.312,0.428,0.74,0,0,0,0,0,0,0,0,0
Kike Hernandez,LAD,"1B,2B,SS,LF,CF,RF",374,54,16,51,3,0.245,0.326,0.443,0.769,0,0,0,0,0,0,0,0,0
Eric Thames,MIL,"1B,LF,RF",265,44,16,41,5,0.238,0.327,0.485,0.812,0,0,0,0,0,0,0,0,0
Christin Stewart,DET,LF,443,60,20,66,2,0.245,0.325,0.44,0.765,0,0,0,0,0,0,0,0,0
Josh Reddick,HOU,"LF,RF",406,57,14,53,6,0.265,0.333,0.427,0.76,0,0,0,0,0,0,0,0,0
Omar Narvaez,SEA,C,340,38,8,35,1,0.262,0.344,0.383,0.727,0,0,0,0,0,0,0,0,0
Kurt Suzuki,WSH,C,277,34,10,41,0,0.266,0.309,0.439,0.748,0,0,0,0,0,0,0,0,0
Austin Hedges,SD,C,312,33,14,43,2,0.234,0.282,0.428,0.71,0,0,0,0,0,0,0,0,0
Evan Gattis,,DH,333,42,18,55,1,0.242,0.297,0.461,0.757,0,0,0,0,0,0,0,0,0
Mitch Moreland,BOS,1B,391,53,16,60,1,0.248,0.322,0.438,0.76,0,0,0,0,0,0,0,0,0
Ryon Healy,SEA,1B,408,47,18,59,0,0.252,0.291,0.435,0.725,0,0,0,0,0,0,0,0,0
Johan Camargo,ATL,"3B,SS",391,50,13,55,1,0.265,0.325,0.434,0.759,0,0,0,0,0,0,0,0,0
Alex Verdugo,LAD,"LF,CF",318,40,9,37,4,0.271,0.33,0.413,0.743,0,0,0,0,0,0,0,0,0
Joe Panik,SF,2B,479,57,8,48,5,0.272,0.33,0.39,0.721,0,0,0,0,0,0,0,0,0
Adam Duvall,ATL,"1B,LF",305,38,13,48,3,0.224,0.279,0.42,0.699,0,0,0,0,0,0,0,0,0
Todd Frazier,NYM,3B,355,48,17,53,6,0.219,0.301,0.412,0.713,0,0,0,0,0,0,0,0,0
John Hicks,DET,"C,1B",296,35,9,35,2,0.252,0.299,0.404,0.703,0,0,0,0,0,0,0,0,0
Troy Tulowitzki,NYY,SS,261,31,10,37,1,0.254,0.308,0.42,0.729,0,0,0,0,0,0,0,0,0
Austin Barnes,LAD,"C,2B",301,42,8,34,6,0.235,0.327,0.362,0.69,0,0,0,0,0,0,0,0,0
Bradley Zimmer,CLE,CF,237,32,7,27,12,0.23,0.295,0.374,0.669,0,0,0,0,0,0,0,0,0
Isiah Kiner-Falefa,TEX,"C,2B,3B",314,36,3,30,6,0.261,0.315,0.354,0.669,0,0,0,0,0,0,0,0,0
Jason Heyward,CHC,"CF,RF",457,60,10,56,4,0.263,0.33,0.391,0.721,0,0,0,0,0,0,0,0,0
Ben Zobrist,CHC,"2B,LF,RF",408,57,10,50,3,0.269,0.351,0.41,0.762,0,0,0,0,0,0,0,0,0
Keon Broxton,NYM,CF,334,43,12,37,18,0.208,0.284,0.369,0.652,0,0,0,0,0,0,0,0,0
Jung Ho Kang,PIT,3B,240,31,10,37,2,0.255,0.319,0.448,0.767,0,0,0,0,0,0,0,0,0
Hernan Perez,MIL,"2B,3B,SS,LF,RF",323,36,9,36,12,0.257,0.29,0.403,0.693,0,0,0,0,0,0,0,0,0
Albert Pujols,LAA,"1B,DH",395,44,16,59,1,0.246,0.291,0.408,0.699,0,0,0,0,0,0,0,0,0
Carlos Gonzalez,,RF,429,58,16,58,3,0.255,0.317,0.435,0.753,0,0,0,0,0,0,0,0,0
Nick Ahmed,ARI,SS,512,59,15,62,7,0.239,0.291,0.397,0.688,0,0,0,0,0,0,0,0,0
Tyler Flowers,ATL,C,310,38,10,40,0,0.244,0.317,0.391,0.708,0,0,0,0,0,0,0,0,0
Eduardo Nunez,BOS,"2B,3B",325,41,7,37,9,0.278,0.308,0.416,0.724,0,0,0,0,0,0,0,0,0
Jonathan Lucroy,LAA,C,367,41,7,44,1,0.253,0.31,0.369,0.679,0,0,0,0,0,0,0,0,0
Yandy Diaz,TB,3B,371,48,4,40,2,0.267,0.355,0.364,0.718,0,0,0,0,0,0,0,0,0
Greg Bird,NYY,1B,228,29,12,36,0,0.221,0.308,0.434,0.742,0,0,0,0,0,0,0,0,0
Kolten Wong,STL,2B,401,51,9,46,8,0.259,0.324,0.398,0.722,0,0,0,0,0,0,0,0,0
Dexter Fowler,STL,RF,338,50,11,41,6,0.234,0.327,0.392,0.72,0,0,0,0,0,0,0,0,0
Chris Davis,BAL,1B,458,56,22,61,2,0.199,0.284,0.381,0.665,0,0,0,0,0,0,0,0,0
Michael Taylor,WSH,CF,306,39,9,33,17,0.238,0.293,0.391,0.684,0,0,0,0,0,0,0,0,0
Colin Moran,PIT,"1B,3B",429,50,13,58,1,0.264,0.325,0.407,0.732,0,0,0,0,0,0,0,0,0
Jake Cave,MIN,"CF,RF",231,34,8,31,2,0.25,0.301,0.421,0.722,0,0,0,0,0,0,0,0,0
Nick Williams,PHI,"LF,RF",276,37,11,39,2,0.256,0.305,0.438,0.743,0,0,0,0,0,0,0,0,0
Chris Iannetta,COL,C,281,35,12,38,1,0.235,0.33,0.414,0.744,0,0,0,0,0,0,0,0,0
Dustin Pedroia,BOS,2B,375,49,8,47,4,0.277,0.347,0.392,0.739,0,0,0,0,0,0,0,0,0
Albert Almora Jr.,CHC,CF,437,55,8,48,3,0.276,0.316,0.395,0.711,0,0,0,0,0,0,0,0,0
Brendan Rodgers,COL,SS,184,23,7,25,4,0.281,0.318,0.462,0.78,0,0,0,0,0,0,0,0,0
Tim Beckham,SEA,"3B,SS",317,38,10,34,3,0.244,0.296,0.397,0.693,0,0,0,0,0,0,0,0,0
Steve Pearce,BOS,"1B,LF,DH",274,40,13,44,1,0.272,0.345,0.479,0.823,0,0,0,0,0,0,0,0,0
Mitch Garver,MIN,C,260,32,7,35,1,0.251,0.319,0.407,0.726,0,0,0,0,0,0,0,0,0
Bo Bichette,TOR,SS,200,26,5,24,8,0.256,0.305,0.425,0.73,0,0,0,0,0,0,0,0,0
Raimel Tapia,COL,CF,258,36,5,30,8,0.282,0.322,0.429,0.751,0,0,0,0,0,0,0,0,0
Peter O'Brien,MIA,1B,356,41,18,52,1,0.204,0.276,0.402,0.678,0,0,0,0,0,0,0,0,0
Addison Russell,CHC,SS,315,39,8,37,2,0.242,0.307,0.38,0.687,0,0,0,0,0,0,0,0,0
Brian McCann,ATL,C,263,32,11,36,1,0.23,0.303,0.389,0.692,0,0,0,0,0,0,0,0,0
Billy McKinney,TOR,"LF,RF",398,51,16,49,3,0.244,0.309,0.437,0.745,0,0,0,0,0,0,0,0,0
Keston Hiura,MIL,2B,166,20,4,17,3,0.26,0.306,0.4,0.707,0,0,0,0,0,0,0,0,0
Carson Kelly,ARI,C,272,29,6,30,1,0.233,0.306,0.355,0.661,0,0,0,0,0,0,0,0,0
J.P. Crawford,SEA,"3B,SS",395,49,8,42,6,0.227,0.307,0.355,0.662,0,0,0,0,0,0,0,0,0
Grayson Greiner,DET,C,342,34,7,39,1,0.226,0.3,0.346,0.646,0,0,0,0,0,0,0,0,0
Renato Nunez,BAL,3B,490,57,19,60,2,0.241,0.296,0.41,0.707,0,0,0,0,0,0,0,0,0
Yolmer Sanchez,CWS,"2B,3B",537,61,10,55,11,0.245,0.299,0.379,0.678,0,0,0,0,0,0,0,0,0
Jedd Gyorko,STL,"2B,3B",309,40,13,44,2,0.255,0.33,0.432,0.762,0,0,0,0,0,0,0,0,0
Steven Duggar,SF,"CF,RF,DH",432,53,6,41,12,0.242,0.308,0.361,0.669,0,0,0,0,0,0,0,0,0
Hunter Dozier,KC,"1B,3B,RF",449,51,13,50,4,0.23,0.292,0.386,0.678,0,0,0,0,0,0,0,0,0
Christian Vazquez,BOS,C,317,37,5,31,5,0.249,0.291,0.352,0.642,0,0,0,0,0,0,0,0,0
David Fletcher,LAA,"2B,3B",473,58,6,46,9,0.269,0.307,0.376,0.683,0,0,0,0,0,0,0,0,0
Matt Duffy,TB,3B,408,50,5,40,10,0.279,0.336,0.374,0.71,0,0,0,0,0,0,0,0,0
Franklin Barreto,OAK,2B,242,33,11,33,4,0.239,0.293,0.422,0.716,0,0,0,0,0,0,0,0,0
Freddy Galvis,TOR,SS,424,47,10,47,8,0.248,0.296,0.387,0.683,0,0,0,0,0,0,0,0,0
Elias Diaz,PIT,C,203,23,6,25,1,0.263,0.313,0.407,0.72,0,0,0,0,0,0,0,0,0
Manny Pina,MIL,C,189,23,5,21,1,0.254,0.303,0.398,0.701,0,0,0,0,0,0,0,0,0
Derek Fisher,HOU,"LF,CF",117,17,5,15,4,0.216,0.295,0.383,0.678,0,0,0,0,0,0,0,0,0
Pablo Reyes,PIT,RF,144,17,3,15,4,0.253,0.309,0.388,0.697,0,0,0,0,0,0,0,0,0
Alex Gordon,KC,"LF,CF",500,60,13,56,9,0.236,0.308,0.367,0.676,0,0,0,0,0,0,0,0,0
Matt Adams,WSH,"1B,LF",273,37,17,50,0,0.258,0.315,0.491,0.806,0,0,0,0,0,0,0,0,0
J.D. Davis,NYM,"1B,3B",172,21,6,23,1,0.244,0.303,0.41,0.713,0,0,0,0,0,0,0,0,0
Brandon Lowe,TB,2B,260,36,10,38,4,0.25,0.323,0.433,0.756,0,0,0,0,0,0,0,0,0
Neil Walker,MIA,"1B,2B,3B",349,43,11,43,1,0.241,0.317,0.389,0.706,0,0,0,0,0,0,0,0,0
Tyler Austin,MIN,"1B,DH",186,25,11,31,1,0.238,0.299,0.464,0.763,0,0,0,0,0,0,0,0,0
Cameron Maybin,SF,"LF,CF,RF",196,24,4,19,8,0.251,0.325,0.363,0.689,0,0,0,0,0,0,0,0,0
Russell Martin,LAD,"C,3B",232,31,9,28,1,0.214,0.32,0.364,0.684,0,0,0,0,0,0,0,0,0
Mikie Mahtook,DET,"LF,RF",301,37,10,36,5,0.236,0.289,0.404,0.693,0,0,0,0,0,0,0,0,0